req_id	route	estimated_p50_minutes	wall_minutes	completed_at	max_stamp_gap_minutes
REQ-208	B	85	14	2026-08-17T00:16:51Z	14
REQ-210	A	25	2	2026-08-17T00:26:46Z	2
REQ-209	B	60	14	2026-08-17T00:32:08Z	13
REQ-211	B	35	3	2026-08-17T08:10:54Z	3
REQ-212	B	30	2	2026-08-17T08:14:14Z	2
REQ-213	B	35	10	2026-08-17T08:25:24Z	10
REQ-214	B	10	2	2026-08-17T08:29:10Z	2
REQ-215	A	10	2	2026-08-17T08:32:42Z	2
REQ-203	B	20	14	2026-08-17T18:27:39Z	14
REQ-204	B	30	6	2026-08-17T18:37:31Z	6
REQ-205	B	30	4	2026-08-17T18:45:53Z	4
REQ-206	B	20	5	2026-08-17T18:55:01Z	5
REQ-216	A	5	6	2026-08-17T19:04:40Z	6
REQ-217	B	40	8	2026-08-17T19:13:20Z	7
REQ-218	A	5	4	2026-08-17T19:21:16Z	4
REQ-219	C	55	11	2026-08-17T19:36:37Z	10
REQ-220	B	30	18	2026-08-17T20:54:49Z	18
REQ-221	B	35	25	2026-08-17T21:21:18Z	25
REQ-225	B	20	13	2026-08-18T00:20:49Z	13
REQ-226	C	50	30	2026-08-18T00:55:23Z	30
REQ-227	C	65	20	2026-08-18T01:19:09Z	20
REQ-228	C	55	13	2026-08-18T01:35:36Z	13
REQ-229	B	30	5	2026-08-18T01:43:47Z	5
REQ-232	B	20	4	2026-08-18T01:50:46Z	4
REQ-231	B	35	37	2026-08-18T10:52:30Z	37
REQ-230	B	20	6	2026-08-18T11:02:00Z	6
REQ-234	A	5	11	2026-08-18T11:07:00Z	11
REQ-233	B	30	10	2026-08-18T11:10:30Z	10
REQ-236	C	60	20	2026-08-18T11:20:00Z	20
REQ-235	C	75	24	2026-08-18T11:37:10Z	23
REQ-240	B	25	21	2026-08-18T12:03:00Z	20
REQ-237	B	30	28	2026-08-18T12:10:30Z	28
REQ-238	B	15	23	2026-08-18T12:20:30Z	23
REQ-239	B	20	30	2026-08-18T12:27:21Z	30
REQ-241	B	35	68	2026-08-18T13:51:09Z	68
REQ-243	B	20	68	2026-08-18T13:51:43Z	68
REQ-245	A	5	68	2026-08-18T13:52:03Z	68
REQ-242	B	25	55	2026-08-18T14:00:46Z	55
REQ-244	C	55	59	2026-08-18T14:04:36Z	59
REQ-246	C	45	100	2026-08-18T17:49:50Z	100
REQ-249	B	45	119	2026-08-18T18:08:42Z	119
REQ-248	B	30	135	2026-08-18T18:24:42Z	135
REQ-251	A	5	15	2026-08-18T18:41:26Z	15
REQ-250	B	25	33	2026-08-18T18:58:44Z	33
REQ-247	C	40	46	2026-08-18T19:11:56Z	46
REQ-253	A	5	18	2026-08-18T19:31:15Z	18
REQ-254	B	5	40	2026-08-18T19:53:41Z	40
REQ-252	B	25	55	2026-08-18T20:08:09Z	55
REQ-256	A	5	12	2026-08-18T20:21:34Z	12
REQ-255	B	35	55	2026-08-18T21:04:12Z	55
REQ-259	B	25	29	2026-08-18T21:45:31Z	29
REQ-260	A	15	79	2026-08-18T22:36:02Z	79
REQ-257	B	25	102	2026-08-18T22:58:40Z	102
REQ-261	A	15	14	2026-08-18T23:14:21Z	14
REQ-267	B	25	40	2026-08-18T23:39:58Z	40
REQ-265	A	15	55	2026-08-18T23:54:48Z	55
REQ-289	C	60	66	2026-08-19T15:48:05Z	66
REQ-290	B	15	40	2026-08-19T16:35:00Z	40
REQ-268	B	20	33	2026-08-19T19:45:13Z	33
REQ-270	B	15	19	2026-08-19T20:07:36Z	19
REQ-276	A	10	19	2026-08-19T20:29:22Z	19
REQ-282	B	20	12	2026-08-19T20:44:05Z	12
REQ-258	B	5	22	2026-08-20T08:39:00Z	21
REQ-300	B	5	9	2026-08-20T11:51:20Z	8
REQ-263	B	5	15	2026-08-20T12:12:48Z	14
REQ-264	B	5	9	2026-08-20T12:25:10Z	8
REQ-301	B	25	10	2026-08-20T12:38:40Z	10
REQ-271	B	20	14	2026-08-20T12:55:37Z	13
REQ-262	B	5	26	2026-08-20T23:18:39Z	26
REQ-269	C	50	14	2026-08-20T23:36:44Z	14
REQ-274	B	25	5	2026-08-20T23:45:29Z	5
REQ-280	B	30	10	2026-08-20T23:57:51Z	9
REQ-281	B	30	7	2026-08-21T00:07:52Z	7
REQ-284	B	30	8	2026-08-21T00:19:28Z	8
REQ-285	B	25	8	2026-08-21T00:31:24Z	8
REQ-288	C	45	23	2026-08-21T00:57:58Z	23
REQ-291	B	40	10	2026-08-21T01:12:05Z	10
REQ-292	C	50	22	2026-08-21T01:38:03Z	22
REQ-266	A	10	5	2026-08-21T01:47:35Z	5
REQ-277	B	15	5	2026-08-21T01:56:42Z	5
REQ-293	B	35	26	2026-08-21T02:27:01Z	26
REQ-298	C	45	17	2026-08-21T02:48:28Z	17
REQ-299	C	40	29	2026-08-21T03:20:43Z	28
REQ-303	B	15	10	2026-08-21T08:10:58Z	10
REQ-304	B	25	10	2026-08-21T08:26:15Z	10
REQ-305	B	20	10	2026-08-21T08:40:45Z	10
REQ-308	B	5	12	2026-08-21T08:57:04Z	12
REQ-309	C	40	38	2026-08-21T16:19:08Z	38
REQ-310	B	25	26	2026-08-21T16:51:29Z	26
REQ-312	C	50	59	2026-08-21T17:54:32Z	59
REQ-313	B	30	17	2026-08-21T18:16:11Z	17
REQ-314	B	5	31	2026-08-21T18:51:21Z	31
REQ-316	B	5	15	2026-08-21T19:11:08Z	15
REQ-317	B	5	20	2026-08-21T19:35:38Z	20
REQ-318	A	5	28	2026-08-22T23:19:44Z	28
REQ-319	B	35	77	2026-08-23T00:40:21Z	76
REQ-320	B	30	31	2026-08-23T01:15:16Z	30
REQ-321	B	35	43	2026-08-23T02:12:30Z	42
REQ-322	B	35	41	2026-08-23T03:37:18Z	40
REQ-325	B	30	32	2026-08-23T19:29:47Z	32
REQ-336	B	35	28	2026-08-23T20:09:24Z	28
REQ-337	B	30	10	2026-08-23T20:26:47Z	10
REQ-338	B	30	14	2026-08-23T20:47:14Z	14
REQ-356	C	45	57	2026-08-24T15:14:05Z	56
REQ-350	B	30	31	2026-08-24T15:52:05Z	30
REQ-349	B	25	74	2026-08-24T16:14:09Z	74
REQ-348	C	40	101	2026-08-24T16:41:18Z	101
REQ-353	A	10	15	2026-08-24T16:58:09Z	14
REQ-352	B	35	39	2026-08-24T17:22:38Z	39
REQ-351	B	40	53	2026-08-24T17:36:50Z	53
REQ-355	A	5	29	2026-08-24T18:12:09Z	29
REQ-354	B	35	63	2026-08-24T18:45:30Z	62
REQ-360	C	50	72	2026-08-24T18:55:00Z	72
REQ-361	C	35	45	2026-08-24T19:42:36Z	45
REQ-362	B	25	73	2026-08-24T20:10:47Z	73
REQ-364	B	30	79	2026-08-24T20:16:16Z	79
REQ-365	A	5	23	2026-08-24T20:41:17Z	23
REQ-366	B	35	38	2026-08-24T20:56:19Z	38
REQ-367	B	5	44	2026-08-24T21:02:17Z	44
REQ-371	C	50	46	2026-08-24T21:20:16Z	46
REQ-368	B	5	35	2026-08-24T21:41:02Z	35
REQ-369	B	5	26	2026-08-24T21:47:55Z	26
REQ-370	C	45	22	2026-08-24T22:11:03Z	21
REQ-372	A	5	6	2026-08-25T08:36:51Z	6
REQ-373	A	5	9	2026-08-25T08:47:30Z	9
REQ-374	B	35	85	2026-08-26T14:42:00Z	85
REQ-380	A	5	5	2026-08-27T11:33:05Z	5
REQ-376	A	5	11	2026-08-27T11:45:22Z	11
REQ-384	B	35	11	2026-08-27T11:57:36Z	11
REQ-385	A	5	13	2026-08-27T12:11:02Z	13
REQ-381	B	50	16	2026-08-27T12:27:56Z	16
REQ-386	B	5	17	2026-08-27T12:45:11Z	17
REQ-388	B	5	9	2026-08-27T12:54:41Z	9
REQ-382	B	35	14	2026-08-27T13:09:12Z	14
REQ-387	B	5	11	2026-08-27T13:20:36Z	11
REQ-389	A	5	5	2026-08-27T13:26:08Z	5
REQ-375	B	35	10	2026-08-27T13:38:28Z	10
REQ-406	C	70	575	2026-08-30T07:11:22Z	575
REQ-390	C	45	859	2026-08-30T11:55:06Z	859
REQ-407	C	75	613	2026-08-30T17:36:06Z	613
REQ-425	B	30	322	2026-08-30T17:45:58Z	322
REQ-408	C	100	70	2026-08-30T19:22:59Z	70
REQ-409	C	90	64	2026-08-30T20:35:44Z	64
REQ-410	C	100	76	2026-08-30T22:01:41Z	76
REQ-426	A	5	25	2026-08-31T10:56:05Z	25
REQ-427	A	5	26	2026-08-31T14:22:00Z	26
REQ-428	A	5	44	2026-08-31T14:39:40Z	44
REQ-429	A	5	26	2026-08-31T15:16:56Z	26
REQ-430	B	20	44	2026-08-31T15:34:58Z	44
REQ-434	A	5	15	2026-08-31T15:59:27Z	15
REQ-431	B	20	32	2026-08-31T16:16:39Z	32
REQ-432	A	5	17	2026-08-31T16:40:15Z	16
REQ-435	B	35	78	2026-08-31T17:41:35Z	77
REQ-433	A	5	46	2026-08-31T18:35:31Z	45
REQ-411	C	100	108	2026-08-31T19:38:00Z	108
REQ-436	B	5	42	2026-08-31T20:30:00Z	42
REQ-412	C	95	129	2026-08-31T21:57:28Z	129
REQ-445	B	25	30	2026-08-31T22:38:01Z	30
REQ-413	C	105	130	2026-09-01T00:17:17Z	130
REQ-446	A	5	20	2026-09-01T00:45:26Z	20
REQ-414	C	135	121	2026-09-01T02:26:12Z	121
REQ-441	B	35	63	2026-09-01T03:38:29Z	63
REQ-415	C	105	87	2026-09-01T04:02:33Z	87
REQ-447	B	35	37	2026-09-01T04:48:26Z	37
REQ-416	C	95	110	2026-09-01T06:00:40Z	110
REQ-459	B	5	37	2026-09-01T06:45:28Z	37
REQ-417	C	105	146	2026-09-01T08:34:36Z	146
REQ-462	B	30	35	2026-09-01T09:17:47Z	35
REQ-419	C	105	133	2026-09-01T15:06:50Z	133
REQ-477	C	40	16	2026-09-01T15:56:55Z	16
REQ-478	C	40	12	2026-09-01T16:11:59Z	12
REQ-479	C	45	13	2026-09-01T16:28:16Z	13
REQ-420	C	210	178	2026-09-01T18:15:09Z	178
REQ-440	A	5	50	2026-09-01T19:45:42Z	50
REQ-488	A	5	11	2026-09-01T21:17:41Z	11
REQ-437	B	30	13	2026-09-01T21:33:40Z	13
REQ-438	A	5	11	2026-09-01T21:46:48Z	11
REQ-439	A	5	12	2026-09-01T22:01:29Z	12
REQ-442	A	5	11	2026-09-01T22:13:37Z	11
REQ-443	A	5	26	2026-09-01T22:41:36Z	26
REQ-444	A	5	9	2026-09-01T22:51:43Z	9
REQ-448	C	50	24	2026-09-01T23:16:59Z	11
REQ-449	A	5	7	2026-09-01T23:26:52Z	6
REQ-450	C	45	20	2026-09-01T23:48:27Z	6
REQ-451	C	45	64	2026-09-02T00:55:13Z	44
REQ-491	C	85	75	2026-09-02T02:25:16Z	28
REQ-492	C	105	50	2026-09-02T03:33:27Z	13
REQ-452	A	5	47	2026-09-02T12:05:54Z	14
REQ-453	C	40	77	2026-09-02T13:28:36Z	17
REQ-489	A	5	45	2026-09-02T14:31:16Z	17
REQ-498	C	70	160	2026-09-02T16:27:19Z	67
REQ-501	-	60	74	2026-09-02T19:25:35Z	34
REQ-456	A	5	38	2026-09-02T20:14:45Z	15
REQ-513	C	40	48	2026-09-02T21:33:21Z	15
REQ-457	B	45	122	2026-09-03T01:30:00Z	122
REQ-458	B	25	90	2026-09-03T02:30:00Z	90
REQ-528	B	25	64	2026-09-03T10:15:00Z	64
REQ-460	B	20	20	2026-09-03T11:31:24Z	7
REQ-461	C	50	16	2026-09-03T11:49:26Z	9
REQ-533	C	25	8	2026-09-03T12:47:01Z	8
REQ-525	B	20	80	2026-09-03T13:05:00Z	80
REQ-518	B	35	39	2026-09-03T13:21:27Z	39
REQ-543	B	30	178	2026-09-03T16:35:08Z	126
REQ-531	C	45	57	2026-09-03T19:44:58Z	54
REQ-539	C	65	3	2026-09-03T23:38:13Z	14
REQ-527	C	45	47	2026-09-04T00:22:00Z	39
REQ-534	C	50	49	2026-09-04T00:24:00Z	41
REQ-514	C	50	50	2026-09-04T00:25:00Z	42
REQ-563	C	70	45	2026-09-04T00:26:00Z	43
REQ-475	C	50	6	2026-09-04T12:54:00Z	863
REQ-535	A	5	7	2026-09-04T12:55:00Z	7
REQ-536	A	5	5	2026-09-04T13:01:00Z	5
REQ-542	A	5	3	2026-09-04T13:17:00Z	3
REQ-545	A	5	12	2026-09-04T13:30:00Z	12
REQ-502	A	5	0	2026-09-04T13:33:00Z	986
REQ-550	A	5	11	2026-09-04T13:45:00Z	11
REQ-566	C	50	9	2026-09-04T14:27:48Z	27
REQ-483	A	5	10	2026-09-04T14:42:11Z	994
REQ-485	C	55	10	2026-09-04T14:56:19Z	989
REQ-559	B	25	33	2026-09-04T18:49:22Z	16
REQ-560	B	20	51	2026-09-04T19:07:22Z	27
REQ-515	B	30	105	2026-09-04T20:01:30Z	45
REQ-568	C	50	111	2026-09-04T20:05:02Z	111
REQ-508	C	55	56	2026-09-04T20:09:36Z	26
REQ-547	B	30	12	2026-09-04T20:55:11Z	6
REQ-564	B	35	26	2026-09-04T21:09:33Z	14
REQ-567	C	30	3	2026-09-04T21:59:01Z	400
REQ-503	C	45	5	2026-09-04T22:04:50Z	378
REQ-509	B	5	21	2026-09-04T22:26:40Z	11
REQ-504	C	50	31	2026-09-04T22:59:12Z	355
REQ-505	C	50	1	2026-09-04T23:01:29Z	333
REQ-570	C	75	65	2026-09-05T00:05:50Z	20
REQ-580	A	10	72	2026-09-05T01:51:05Z	72
REQ-549	A	15	89	2026-09-05T02:07:31Z	89
REQ-506	C	55	96	2026-09-05T02:09:57Z	378
REQ-510	B	20	449	2026-09-05T08:02:54Z	449
REQ-544	A	15	450	2026-09-05T08:03:31Z	450
REQ-553	B	35	443	2026-09-05T08:05:05Z	443
REQ-565	A	10	444	2026-09-05T08:05:36Z	444
REQ-571	A	20	448	2026-09-05T08:06:42Z	448
REQ-576	A	15	449	2026-09-05T08:07:19Z	449
REQ-562	C	45	462	2026-09-05T08:15:45Z	400
REQ-577	A	5	498	2026-09-05T08:16:47Z	486
REQ-584	A	5	13	2026-09-05T10:04:51Z	13
REQ-574	C	40	37	2026-09-05T10:22:37Z	37
REQ-507	C	50	26	2026-09-05T10:31:19Z	900
REQ-575	A	5	55	2026-09-05T12:56:14Z	23
REQ-572	B	40	75	2026-09-05T13:16:28Z	738
REQ-578	A	5	75	2026-09-05T13:16:48Z	52
REQ-585	A	5	68	2026-09-05T13:55:30Z	31
REQ-586	A	5	31	2026-09-05T13:56:18Z	20
REQ-573	A	5	121	2026-09-05T14:23:15Z	103
REQ-579	B	5	122	2026-09-05T14:24:17Z	97
REQ-581	A	10	103	2026-09-05T14:24:30Z	84
REQ-582	B	15	105	2026-09-05T14:25:54Z	66
REQ-588	A	5	33	2026-09-05T17:36:24Z	19
REQ-589	A	15	36	2026-09-05T18:57:15Z	22
REQ-590	A	5	30	2026-09-05T19:02:44Z	18
REQ-552	B	35	153	2026-09-06T03:12:09Z	136
REQ-554	B	30	156	2026-09-06T03:15:25Z	116
REQ-556	B	20	48	2026-09-06T03:15:36Z	48
REQ-486	C	85	180	2026-09-06T03:26:33Z	107
REQ-593	B	30	85	2026-09-06T03:28:29Z	62
REQ-583	B	20	630	2026-09-06T03:36:04Z	583
REQ-587	C	50	581	2026-09-06T03:36:10Z	472
REQ-591	C	45	452	2026-09-06T03:36:21Z	291
REQ-592	B	30	276	2026-09-06T03:36:23Z	228
REQ-555	A	5	41	2026-09-06T03:57:19Z	41
REQ-595	B	15	41	2026-09-06T05:20:04Z	41
REQ-557	C	55	145	2026-09-06T05:41:47Z	100
REQ-594	C	55	198	2026-09-06T06:55:35Z	140
REQ-596	B	15	98	2026-09-06T06:58:37Z	98
REQ-558	B	30	109	2026-09-06T07:40:28Z	109
REQ-599	A	20	39	2026-09-06T08:06:01Z	39
REQ-600	B	25	320	2026-09-06T12:46:49Z	320
REQ-597	B	25	349	2026-09-06T12:48:39Z	349
REQ-602	A	15	278	2026-09-06T12:50:24Z	278
REQ-598	C	60	317	2026-09-06T12:58:39Z	317
REQ-601	A	10	4	2026-09-06T13:03:51Z	4
REQ-603	B	30	10	2026-09-06T13:14:46Z	10
REQ-604	B	15	11	2026-09-06T13:27:05Z	11
REQ-605	B	15	5	2026-09-06T13:33:22Z	5
REQ-606	B	15	27	2026-09-06T14:02:04Z	27
REQ-607	B	15	12	2026-09-06T14:14:30Z	12
REQ-608	B	15	10	2026-09-06T14:25:28Z	10
REQ-609	B	20	22	2026-09-06T14:47:50Z	22
REQ-610	B	15	7	2026-09-06T14:55:38Z	7
REQ-611	B	20	7	2026-09-06T15:03:39Z	7
REQ-612	B	10	13	2026-09-06T15:17:19Z	13
REQ-613	B	15	18	2026-09-06T15:36:13Z	18
REQ-614	B	10	16	2026-09-06T15:52:52Z	16
REQ-622	B	60	29	2026-09-08T22:22:36Z	11
REQ-623	B	25	21	2026-09-08T22:44:22Z	7
REQ-624	A	15	615	2026-09-09T09:00:39Z	603
REQ-616	A	5	2	2026-09-13T13:09:25Z	2
REQ-620	A	5	1	2026-09-13T13:41:19Z	1
REQ-619	A	5	2	2026-09-13T13:43:48Z	2
REQ-621	A	5	1	2026-09-13T13:45:42Z	1
REQ-617	A	5	41	2026-09-13T13:51:43Z	29
REQ-618	A	15	29	2026-09-13T13:52:18Z	13
REQ-615	A	10	63	2026-09-13T13:53:07Z	46
REQ-625	B	35	29	2026-10-02T14:32:48Z	8
REQ-626	B	20	46	2026-10-02T18:50:25Z	22
REQ-627	B	25	47	2026-10-02T18:50:46Z	35
REQ-628	A	5	27	2026-10-02T21:15:03Z	22
REQ-629	B	20	21	2026-10-02T21:15:31Z	8
REQ-630	A	5	13	2026-10-02T22:06:47Z	10
REQ-631	A	5	9	2026-10-02T22:06:55Z	5
REQ-632	B	35	64	2026-10-05T21:35:38Z	34
REQ-633	B	40	60	2026-10-05T21:56:01Z	34
